{
  "chambre3": [
    [
      2.233389,
      48.909434
    ],
    [
      2.233445,
      48.909460
    ]
  ],
  "infirmerie": [
    [
      2.233470,
      48.909430
    ],
    [
      2.233306,
      48.909360
    ]
  ],
  "muret": [
    [
      2.233169,
      48.909339
    ],
    [
      2.233183,
      48.909319
    ]
  ],
  "salleAManger": [
    [
      2.232668,
      48.90911
    ],
    [
      2.232770,
      48.909152
    ]
  ],
  "murGauche": [
    [
      2.232721,
      48.909050
    ],
    [
      2.232665,
      48.909106
    ]
  ]
}
